SMILES,Compound_Name,logS,pIC50,Class,Source,Notes
CC(=O)Oc1ccccc1C(=O)O,Compound_001,-2.074,4.121,0,Synthetic,Generated for testing
CC(C)Cc1ccc(cc1)C(C)C(=O)O,Compound_002,-2.839,5.1,1,Synthetic,Generated for testing
CN1C=NC2=C1C(=O)N(C(=O)N2C)C,Compound_003,-1.867,4.013,0,Synthetic,Generated for testing
CC(C)CC1=CC=C(C=C1)C(C)C(=O)O,Compound_004,-3.584,5.818,1,Synthetic,Generated for testing
CCO,Compound_005,-0.428,4.351,0,Synthetic,Generated for testing
CC(C)O,Compound_006,-1.319,3.321,0,Synthetic,Generated for testing
CC(C)(C)O,Compound_007,-0.553,3.349,0,Synthetic,Generated for testing
c1ccccc1,Compound_008,-1.165,2.751,0,Synthetic,Generated for testing
CC1=CC=CC=C1,Compound_009,-1.155,3.513,0,Synthetic,Generated for testing
CC1=CC2=C(C=C1C=O)C(=O)C3=C(O2)C=CC(=C3)O,Compound_010,-3.635,5.382,1,Synthetic,Generated for testing
CCC1=CC(=C(C=C1)O)C=O,Compound_011,-1.91,5.731,0,Synthetic,Generated for testing
CCCCCCCCCCCCCCCCCCCCCCCCCCCCCCCCCCCCCCCCCCCCCCCCCC,Compound_012,-12.999,10.411,1,Synthetic,Generated for testing
C1CC1C1CC1C1CC1,Compound_013,-2.305,4.892,0,Synthetic,Generated for testing
CC(=O)Oc1ccccc1C(=O)O,Compound_014,-2.616,4.248,0,Synthetic,Generated for testing
CC(C)Cc1ccc(cc1)C(C)C(=O)O,Compound_015,-2.996,5.218,1,Synthetic,Generated for testing
CN1C=NC2=C1C(=O)N(C(=O)N2C)C,Compound_016,-2.226,4.084,0,Synthetic,Generated for testing
CC(C)CC1=CC=C(C=C1)C(C)C(=O)O,Compound_017,-3.411,4.539,1,Synthetic,Generated for testing
CCO,Compound_018,0.038,3.677,0,Synthetic,Generated for testing
CC(C)O,Compound_019,-1.091,3.34,0,Synthetic,Generated for testing
CC(C)(C)O,Compound_020,-0.423,2.972,0,Synthetic,Generated for testing
c1ccccc1,Compound_021,-1.388,4.086,0,Synthetic,Generated for testing
CC1=CC=CC=C1,Compound_022,-1.91,4.391,0,Synthetic,Generated for testing
CC1=CC2=C(C=C1C=O)C(=O)C3=C(O2)C=CC(=C3)O,Compound_023,-3.456,4.119,1,Synthetic,Generated for testing
CCC1=CC(=C(C=C1)O)C=O,Compound_024,-2.616,4.879,0,Synthetic,Generated for testing
CCCCCCCCCCCCCCCCCCCCCCCCCCCCCCCCCCCCCCCCCCCCCCCCCC,Compound_025,-13.382,10.614,1,Synthetic,Generated for testing
C1CC1C1CC1C1CC1,Compound_026,-2.155,4.29,0,Synthetic,Generated for testing
CC(=O)Oc1ccccc1C(=O)O,Compound_027,-2.009,4.587,0,Synthetic,Generated for testing
CC(C)Cc1ccc(cc1)C(C)C(=O)O,Compound_028,-3.578,4.992,1,Synthetic,Generated for testing
CN1C=NC2=C1C(=O)N(C(=O)N2C)C,Compound_029,-1.906,3.908,0,Synthetic,Generated for testing
CC(C)CC1=CC=C(C=C1)C(C)C(=O)O,Compound_030,-3.453,4.178,1,Synthetic,Generated for testing
CCO,Compound_031,-0.564,3.624,0,Synthetic,Generated for testing
CC(C)O,Compound_032,-1.05,3.45,0,Synthetic,Generated for testing
CC(C)(C)O,Compound_033,-0.697,3.589,0,Synthetic,Generated for testing
c1ccccc1,Compound_034,-0.976,2.706,0,Synthetic,Generated for testing
CC1=CC=CC=C1,Compound_035,-1.457,3.206,0,Synthetic,Generated for testing
CC1=CC2=C(C=C1C=O)C(=O)C3=C(O2)C=CC(=C3)O,Compound_036,-3.905,4.859,1,Synthetic,Generated for testing
CCC1=CC(=C(C=C1)O)C=O,Compound_037,-2.028,3.859,0,Synthetic,Generated for testing
CCCCCCCCCCCCCCCCCCCCCCCCCCCCCCCCCCCCCCCCCCCCCCCCCC,Compound_038,-13.225,11.077,1,Synthetic,Generated for testing
C1CC1C1CC1C1CC1,Compound_039,-1.946,4.707,0,Synthetic,Generated for testing
CC(=O)Oc1ccccc1C(=O)O,Compound_040,-2.129,3.296,0,Synthetic,Generated for testing
CC(C)Cc1ccc(cc1)C(C)C(=O)O,Compound_041,-3.325,4.815,1,Synthetic,Generated for testing
CN1C=NC2=C1C(=O)N(C(=O)N2C)C,Compound_042,-2.349,4.561,0,Synthetic,Generated for testing
CC(C)CC1=CC=C(C=C1)C(C)C(=O)O,Compound_043,-2.894,5.043,1,Synthetic,Generated for testing
CCO,Compound_044,-0.475,2.583,0,Synthetic,Generated for testing
CC(C)O,Compound_045,-0.926,2.783,0,Synthetic,Generated for testing
CC(C)(C)O,Compound_046,-0.944,3.913,0,Synthetic,Generated for testing
c1ccccc1,Compound_047,-1.48,3.141,0,Synthetic,Generated for testing
CC1=CC=CC=C1,Compound_048,-1.375,4.072,0,Synthetic,Generated for testing
CC1=CC2=C(C=C1C=O)C(=O)C3=C(O2)C=CC(=C3)O,Compound_049,-3.635,4.858,1,Synthetic,Generated for testing
CCC1=CC(=C(C=C1)O)C=O,Compound_050,-2.262,3.863,0,Synthetic,Generated for testing
CCCCCCCCCCCCCCCCCCCCCCCCCCCCCCCCCCCCCCCCCCCCCCCCCC,Compound_051,-13.268,10.089,1,Synthetic,Generated for testing
C1CC1C1CC1C1CC1,Compound_052,-2.338,3.99,0,Synthetic,Generated for testing
CC(=O)Oc1ccccc1C(=O)O,Compound_053,-2.514,3.923,0,Synthetic,Generated for testing
CC(C)Cc1ccc(cc1)C(C)C(=O)O,Compound_054,-3.139,5.221,1,Synthetic,Generated for testing
CN1C=NC2=C1C(=O)N(C(=O)N2C)C,Compound_055,-1.671,3.796,0,Synthetic,Generated for testing
CC(C)CC1=CC=C(C=C1)C(C)C(=O)O,Compound_056,-2.732,4.051,1,Synthetic,Generated for testing
CCO,Compound_057,-0.006,3.75,0,Synthetic,Generated for testing
CC(C)O,Compound_058,-0.607,3.391,0,Synthetic,Generated for testing
CC(C)(C)O,Compound_059,-1.107,3.767,0,Synthetic,Generated for testing
c1ccccc1,Compound_060,-1.131,3.393,0,Synthetic,Generated for testing
CC1=CC=CC=C1,Compound_061,-1.105,3.821,0,Synthetic,Generated for testing
CC1=CC2=C(C=C1C=O)C(=O)C3=C(O2)C=CC(=C3)O,Compound_062,-3.412,4.822,1,Synthetic,Generated for testing
CCC1=CC(=C(C=C1)O)C=O,Compound_063,-2.238,3.47,0,Synthetic,Generated for testing
CCCCCCCCCCCCCCCCCCCCCCCCCCCCCCCCCCCCCCCCCCCCCCCCCC,Compound_064,-13.706,9.956,1,Synthetic,Generated for testing
C1CC1C1CC1C1CC1,Compound_065,-1.834,4.627,0,Synthetic,Generated for testing
CC(=O)Oc1ccccc1C(=O)O,Compound_066,-2.183,4.598,0,Synthetic,Generated for testing
CC(C)Cc1ccc(cc1)C(C)C(=O)O,Compound_067,-3.392,4.384,1,Synthetic,Generated for testing
CN1C=NC2=C1C(=O)N(C(=O)N2C)C,Compound_068,-1.641,3.444,0,Synthetic,Generated for testing
CC(C)CC1=CC=C(C=C1)C(C)C(=O)O,Compound_069,-2.929,5.332,1,Synthetic,Generated for testing
CCO,Compound_070,-0.747,4.164,0,Synthetic,Generated for testing
CC(C)O,Compound_071,-1.23,2.461,0,Synthetic,Generated for testing
CC(C)(C)O,Compound_072,-1.039,3.973,0,Synthetic,Generated for testing
c1ccccc1,Compound_073,-1.24,4.13,0,Synthetic,Generated for testing
CC1=CC=CC=C1,Compound_074,-1.598,3.825,0,Synthetic,Generated for testing
CC1=CC2=C(C=C1C=O)C(=O)C3=C(O2)C=CC(=C3)O,Compound_075,-3.397,4.59,1,Synthetic,Generated for testing
CCC1=CC(=C(C=C1)O)C=O,Compound_076,-2.637,4.302,0,Synthetic,Generated for testing
CCCCCCCCCCCCCCCCCCCCCCCCCCCCCCCCCCCCCCCCCCCCCCCCCC,Compound_077,-13.046,10.43,1,Synthetic,Generated for testing
C1CC1C1CC1C1CC1,Compound_078,-1.472,4.129,0,Synthetic,Generated for testing
CC(=O)Oc1ccccc1C(=O)O,Compound_079,-2.687,4.059,0,Synthetic,Generated for testing
CC(C)Cc1ccc(cc1)C(C)C(=O)O,Compound_080,-3.384,5.398,1,Synthetic,Generated for testing
CN1C=NC2=C1C(=O)N(C(=O)N2C)C,Compound_081,-1.366,2.839,0,Synthetic,Generated for testing
CC(C)CC1=CC=C(C=C1)C(C)C(=O)O,Compound_082,-3.41,5.114,1,Synthetic,Generated for testing
CCO,Compound_083,-0.38,3.092,0,Synthetic,Generated for testing
CC(C)O,Compound_084,-0.841,3.076,0,Synthetic,Generated for testing
CC(C)(C)O,Compound_085,-1.119,3.458,0,Synthetic,Generated for testing
c1ccccc1,Compound_086,-1.838,3.917,0,Synthetic,Generated for testing
CC1=CC=CC=C1,Compound_087,-1.926,3.594,0,Synthetic,Generated for testing
CC1=CC2=C(C=C1C=O)C(=O)C3=C(O2)C=CC(=C3)O,Compound_088,-3.447,5.4,1,Synthetic,Generated for testing
CCC1=CC(=C(C=C1)O)C=O,Compound_089,-1.993,3.84,0,Synthetic,Generated for testing
CCCCCCCCCCCCCCCCCCCCCCCCCCCCCCCCCCCCCCCCCCCCCCCCCC,Compound_090,-12.974,10.584,1,Synthetic,Generated for testing
C1CC1C1CC1C1CC1,Compound_091,-2.15,4.677,0,Synthetic,Generated for testing
CC(=O)Oc1ccccc1C(=O)O,Compound_092,-2.485,3.879,0,Synthetic,Generated for testing
CC(C)Cc1ccc(cc1)C(C)C(=O)O,Compound_093,-2.438,4.569,1,Synthetic,Generated for testing
CN1C=NC2=C1C(=O)N(C(=O)N2C)C,Compound_094,-2.017,3.363,0,Synthetic,Generated for testing
CC(C)CC1=CC=C(C=C1)C(C)C(=O)O,Compound_095,-2.714,4.451,1,Synthetic,Generated for testing
CCO,Compound_096,-0.051,2.954,0,Synthetic,Generated for testing
CC(C)O,Compound_097,-0.997,3.461,0,Synthetic,Generated for testing
CC(C)(C)O,Compound_098,-1.092,3.311,0,Synthetic,Generated for testing
c1ccccc1,Compound_099,-1.102,3.889,0,Synthetic,Generated for testing
CC1=CC=CC=C1,Compound_100,-1.466,3.166,0,Synthetic,Generated for testing
